ID,GM Program,GM Percussion Note,Default MIDI Channel,Score Order,Allowed Clefs,Standard Clef,Transposition,Playable Range,Comfortable Range,Long Name,Short Name,Sibelius Name
wind.flutes.bansuri,,,,1,treble,treble,C4,,,,,
wind.flutes.blown-bottle,77,,,1,treble,treble,C4,,,,,
wind.flutes.calliope,83,,,1,treble,treble,C4,,,,,
wind.flutes.danso,,,,1,treble,treble,C4,,,,,
wind.flutes.di-zi,,,,1,treble,treble,C4,,,,,
wind.flutes.dvojnice,,,,1,treble,treble,C4,,,,,
wind.flutes.fife,,,,1,treble,treble,C4,,,,,
wind.flutes.flageolet,,,,1,treble,treble,C4,,,,,
wind.flutes.flute.bass,,,,1,treble,treble,C4,,,,,
wind.flutes.flute.contra-alto,,,,1,treble,treble,C4,,,,,
wind.flutes.flute.contrabass,,,,1,treble,treble,C4,,,,,
wind.flutes.flute.double-contrabass,,,,1,treble,treble,C4,,,,,
wind.flutes.flute.irish,,,,1,treble,treble,C4,,,,,
wind.flutes.flute.subcontrabass,,,,1,treble,treble,C4,,,,,
wind.flutes.fujara,,,,1,treble,treble,C4,,,,,
wind.flutes.gemshorn,,,,1,treble,treble,C4,,,,,
wind.flutes.hocchiku,,,,1,treble,treble,C4,,,,,
wind.flutes.hun,,,,1,treble,treble,C4,,,,,
wind.flutes.kaval,,,,1,treble,treble,C4,,,,,
wind.flutes.kawala,,,,1,treble,treble,C4,,,,,
wind.flutes.khlui,,,,1,treble,treble,C4,,,,,
wind.flutes.knotweed,,,,1,treble,treble,C4,,,,,
wind.flutes.koncovka.alto,,,,1,treble,treble,C4,,,,,
wind.flutes.koudi,,,,1,treble,treble,C4,,,,,
wind.flutes.ney,,,,1,treble,treble,C4,,,,,
wind.flutes.nohkan,,,,1,treble,treble,C4,,,,,
wind.flutes.nose,,,,1,treble,treble,C4,,,,,
wind.flutes.ocarina,80,,,1,treble,treble,C4,,,,,
wind.flutes.overtone.tenor,,,,1,treble,treble,C4,,,,,
wind.flutes.palendag,,,,1,treble,treble,C4,,,,,
wind.flutes.panpipes,76,,,1,treble,treble,C4,,,,,
wind.flutes.quena,,,,1,treble,treble,C4,,,,,
wind.flutes.recorder,75,,,1,treble,treble,C4,,,,,
wind.flutes.recorder.alto,,,,1,treble,treble,C4,,,,,
wind.flutes.recorder.bass,,,,1,treble,treble,C4,,,,,
wind.flutes.recorder.contrabass,,,,1,treble,treble,C4,,,,,
wind.flutes.recorder.descant,,,,1,treble,treble,C4,,,,,
wind.flutes.recorder.garklein,,,,1,treble,treble,C4,,,,,
wind.flutes.recorder.great-bass,,,,1,treble,treble,C4,,,,,
wind.flutes.recorder.sopranino,,,,1,treble,treble,C4,,,,,
wind.flutes.recorder.soprano,,,,1,treble,treble,C4,,,,,
wind.flutes.recorder.tenor,,,,1,treble,treble,C4,,,,,
wind.flutes.ryuteki,,,,1,treble,treble,C4,,,,,
wind.flutes.shakuhachi,78,,,1,treble,treble,C4,,,,,
wind.flutes.shepherds-pipe,,,,1,treble,treble,C4,,,,,
wind.flutes.shinobue,,,,1,treble,treble,C4,,,,,
wind.flutes.shvi,,,,1,treble,treble,C4,,,,,
wind.flutes.suling,,,,1,treble,treble,C4,,,,,
wind.flutes.tarka,,,,1,treble,treble,C4,,,,,
wind.flutes.tumpong,,,,1,treble,treble,C4,,,,,
wind.flutes.venu,,,,1,treble,treble,C4,,,,,
wind.flutes.whistle,79,,,1,treble,treble,C4,,,,,
wind.flutes.whistle.alto,,,,1,treble,treble,C4,,,,,
wind.flutes.whistle.low-irish,,,,1,treble,treble,C4,,,,,
wind.flutes.whistle.shiva,,,,1,treble,treble,C4,,,,,
wind.flutes.whistle.slide,,,,1,treble,treble,C4,,,,,
wind.flutes.whistle.tin,,,,1,treble,treble,C4,,,,,
wind.flutes.whistle.tin.bflat,,,,1,treble,treble,C4,,,,,
wind.flutes.whistle.tin.d,,,,1,treble,treble,C4,,,,,
wind.flutes.xiao,,,,1,treble,treble,C4,,,,,
wind.flutes.xun,,,,1,treble,treble,C4,,,,,
wind.group,,,,1,treble,treble,C4,,,,,
wind.jug,,,,1,treble,treble,C4,,,,,
wind.pipes.bagpipes,110,,,1,treble,treble,C4,,,,,
wind.pipes.gaida,,,,1,treble,treble,C4,,,,,
wind.pipes.highland,,,,1,treble,treble,C4,,,,,
wind.pipes.uilleann,,,,1,treble,treble,C4,,,,,
wind.pungi,,,,1,treble,treble,C4,,,,,
wind.reed.albogue,,,,1,treble,treble,C4,,,,,
wind.reed.alboka,,,,1,treble,treble,C4,,,,,
wind.reed.algaita,,,,1,treble,treble,C4,,,,,
wind.reed.arghul,,,,1,treble,treble,C4,,,,,
wind.reed.bawu,,,,1,treble,treble,C4,,,,,
wind.reed.bifora,,,,1,treble,treble,C4,,,,,
wind.reed.bombarde,,,,1,treble,treble,C4,,,,,
wind.reed.contrabass,,,,1,treble,treble,C4,,,,,
wind.reed.cornamuse,,,,1,treble,treble,C4,,,,,
wind.reed.cromorne,,,,1,treble,treble,C4,,,,,
wind.reed.crumhorn,,,,1,treble,treble,C4,,,,,
wind.reed.crumhorn.alto,,,,1,treble,treble,C4,,,,,
wind.reed.crumhorn.bass,,,,1,treble,treble,C4,,,,,
wind.reed.crumhorn.great-bass,,,,1,treble,treble,C4,,,,,
wind.reed.crumhorn.soprano,,,,1,treble,treble,C4,,,,,
wind.reed.crumhorn.tenor,,,,1,treble,treble,C4,,,,,
wind.reed.diple,,,,1,treble,treble,C4,,,,,
wind.reed.diplica,,,,1,treble,treble,C4,,,,,
wind.reed.duduk,,,,1,treble,treble,C4,,,,,
wind.reed.dulcian,,,,1,treble,treble,C4,,,,,
wind.reed.dulzaina,,,,1,treble,treble,C4,,,,,
wind.reed.guanzi,,,,1,treble,treble,C4,,,,,
wind.reed.harmonica,23,,,1,treble,treble,C4,,,Harmonica,,
wind.reed.harmonica.bass,,,,1,treble,treble,C4,,,,,
wind.reed.heckel-clarina,,,,1,treble,treble,C4,,,,,
wind.reed.heckelphone,,,,1,treble,treble,C4,,,,,
wind.reed.heckelphone-clarinet,,,,1,treble,treble,C4,,,,,
wind.reed.heckelphone.piccolo,,,,1,treble,treble,C4,,,,,
wind.reed.hichiriki,,,,1,treble,treble,C4,,,,,
wind.reed.hirtenschalmei,,,,1,treble,treble,C4,,,,,
wind.reed.hne,,,,1,treble,treble,C4,,,,,
wind.reed.hornpipe,,,,1,treble,treble,C4,,,,,
wind.reed.houguan,,,,1,treble,treble,C4,,,,,
wind.reed.hulusi,,,,1,treble,treble,C4,,,,,
wind.reed.jogi-baja,,,,1,treble,treble,C4,,,,,
wind.reed.ken-bau,,,,1,treble,treble,C4,,,,,
wind.reed.khaen-mouth-organ,,,,1,treble,treble,C4,,,,,
wind.reed.launeddas,,,,1,treble,treble,C4,,,,,
wind.reed.maqrunah,,,,1,treble,treble,C4,,,,,
wind.reed.melodica,,,,1,treble,treble,C4,,,,,
wind.reed.mijwiz,,,,1,treble,treble,C4,,,,,
wind.reed.mizmar,,,,1,treble,treble,C4,,,,,
wind.reed.nadaswaram,,,,1,treble,treble,C4,,,,,
wind.reed.octavin,,,,1,treble,treble,C4,,,,,
wind.reed.pi,,,,1,treble,treble,C4,,,,,
wind.reed.pibgorn,,,,1,treble,treble,C4,,,,,
wind.reed.piri,,,,1,treble,treble,C4,,,,,
wind.reed.rackett,,,,1,treble,treble,C4,,,,,
wind.reed.rauschpfeife,,,,1,treble,treble,C4,,,,,
wind.reed.rhaita,,,,1,treble,treble,C4,,,,,
wind.reed.rothphone,,,,1,treble,treble,C4,,,,,
wind.reed.sarrusaphone,,,,1,treble,treble,C4,,,,,
wind.reed.saxonette,,,,1,treble,treble,C4,,,,,
wind.reed.shawm,,,,1,treble,treble,C4,,,,,
wind.reed.shenai,112,,,1,treble,treble,C4,,,,,
wind.reed.sheng,,,,1,treble,treble,C4,,,,,
wind.reed.sipsi,,,,1,treble,treble,C4,,,,,
wind.reed.sopila,,,,1,treble,treble,C4,,,,,
wind.reed.sorna,,,,1,treble,treble,C4,,,,,
wind.reed.sralai,,,,1,treble,treble,C4,,,,,
wind.reed.suona,,,,1,treble,treble,C4,,,,,
wind.reed.surnai,,,,1,treble,treble,C4,,,,,
wind.reed.taepyeongso,,,,1,treble,treble,C4,,,,,
wind.reed.tarogato,,,,1,treble,treble,C4,,,,,
wind.reed.tarogato.ancient,,,,1,treble,treble,C4,,,,,
wind.reed.trompeta-china,,,,1,treble,treble,C4,,,,,
wind.reed.tubax,,,,1,treble,treble,C4,,,,,
wind.reed.xaphoon,,,,1,treble,treble,C4,,,,,
wind.reed.zhaleika,,,,1,treble,treble,C4,,,,,
wind.reed.zurla,,,,1,treble,treble,C4,,,,,
wind.reed.zurna,,,,1,treble,treble,C4,,,,,
wind.flutes.flute.piccolo,73,,,1.1,treble,treble,C5,D5-B6,,Piccolo Flute,,Piccolo
wind.flutes.flute,74,,,1.2,treble,treble,C4,C4-B6,,Flute,,
wind.flutes.flute.alto,,,,1.25,treble,treble,G3,G3-D6,,Alto Flute,,
wind.flutes.flute.x.bass,,,,1.26,treble,treble,C3,C3-C5,,Bass Flute,,
wind.reed.oboe-da-caccia,,,,1.3,treble,treble,C4,,,,,
wind.reed.oboe.piccolo,,,,1.31,treble,treble,C4,,,Piccolo Oboe,,
wind.reed.oboe,69,,1,1.35,treble,treble,C4,D4-F6,,Oboe,,
wind.reed.oboe-damore,,,,1.36,treble,treble,A3,,,Oboe d'Amore,,
wind.reed.english-horn,70,,1,1.37,treble,treble,F3,G3-C6,,English Horn,,
wind.reed.oboe.bass,,,,1.38,treble,treble,C3,,,Bass Oboe,,
wind.reed.saxophone,,,,1.5,treble,treble,Bb3,,,Saxophone,,
wind.reed.saxophone.aulochrome,,,,1.5,treble,treble,Bb3,,,,,
wind.reed.saxophone.melody,,,,1.5,treble,treble,Bb3,,,,,
wind.reed.saxophone.sopranissimo,,,,1.501,treble,treble,Bb4,,,Sopranissimo Saxophone,,
wind.reed.saxophone.sopranino,,,,1.5015,treble,treble,Eb4,,,Sopranino Saxophone,,
wind.reed.saxophone.soprano,65,,,1.502,treble,treble,Bb3,,,Soprano Saxophone,,
wind.reed.saxophone.mezzo-soprano,,,,1.5025,treble,treble,F3,,,Mezzo-soprano Saxophone,,
wind.reed.saxophone.alto,66,,,1.503,treble,treble,Eb3,,,Alto Saxophone,,
wind.reed.saxophone.tenor,67,,,1.504,treble,treble,Bb2,,,Tenor Saxophone,,
wind.reed.saxophone.baritone,68,,,1.505,treble,treble,Eb2,,,Baritone Saxophone,,
wind.reed.saxophone.bass,,,,1.506,treble,treble,Bb1,,,Bass Saxophone,,
wind.reed.saxophone.contrabass,,,,1.507,treble,treble,Eb1,,,Contrabass Saxophone,,
wind.reed.saxophone.subcontrabass,,,,1.508,treble,treble,Bb0,,,Subcontrabass Saxophone,,
wind.reed.chalumeau,,,,1.6,treble,treble,C4,,,,,
wind.reed.clarinette-damour,,,,1.6,treble,treble,C4,,,,,
wind.reed.clarinet.piccolo.aflat,,,,1.601,treble,treble,Ab4,,,Piccolo Clarinet,,Piccolo Clarinet
wind.reed.clarinet.eflat,,,,1.61,treble,treble,Eb4,G3-Bb6,,Clarinet in Eb, ,Clarinet in Eb
wind.reed.clarinet,,,2,1.64,treble,treble,Bb3,,,Clarinet,,Clarinet
wind.reed.clarinet.bflat,72,,2,1.64,treble,treble,Bb3,D3-Eb6,,Clarinet in Bb,,Clarinet in Bb
wind.reed.clarinet.a,,,2,1.65,treble,treble,A3,,,Clarinet in A,,Clarinet in A
wind.reed.clarinet.alto,,,2,1.67,treble,treble,Eb3,,,Alto Clarinet,,Alto Clarinet
wind.reed.basset-horn,,,,1.68,treble,treble,F3,,,Basset Horn,,Basset Horn
wind.reed.clarinet.basset,,,2,1.68,treble,treble,F3,,,Basset Clarinet,,Basset Clarinet
wind.reed.clarinet.bass,,,,1.69,treble,treble,Bb2,D2-Eb5,,Bass Clarinet,,Bass Clarinet
wind.reed.clarinet.contra-alto,,,,1.694,treble,treble,Eb2,,,Contra-alto Clarinet,,Contra-alto Clarinet
wind.reed.clarinet.contrabass,,,,1.695,treble,treble,Bb1,,,Contrabass Clarinet,,Contrabass Clarinet
wind.reed.bassoon,71,,3,1.7,"treble,ten,bass",bass,C4,Bb1-D5,,Bassoon,,
wind.reed.contrabassoon,,,,1.75,"treble,ten,bass",bass,C3,Bb0-G5,,Contrabassoon,,
brass.alphorn,,,,2,treble,treble,C4,,,,,
brass.alto-horn,,,,2,treble,treble,Eb3,,,,,
brass.baritone-horn,,,,2,treble,treble,Bb2,,,,,
brass.bugle,,,,2,treble,treble,C4,,,,,
brass.bugle.alto,,,,2,treble,treble,C4,,,,,
brass.bugle.baritone,,,,2,treble,treble,C4,,,,,
brass.bugle.contrabass,,,,2,treble,bass,C4,,,,,
brass.bugle.euphonium-bugle,,,,2,treble,treble,C4,,,,,
brass.bugle.mellophone-bugle,,,,2,treble,treble,C4,,,,,
brass.bugle.soprano,,,,2,treble,treble,C4,,,,,
brass.cimbasso,,,,2,treble,treble,C4,,,,,
brass.conch-shell,,,,2,treble,treble,C4,,,,,
brass.didgeridoo,,,,2,treble,treble,C4,,,,,
brass.fiscorn,,,,2,treble,treble,C4,,,,,
brass.group,62,,,2,treble,treble,C4,,,,,
brass.group.synth,"63,64",,,2,treble,treble,C4,,,,,
brass.helicon,,,,2,treble,treble,C4,,,,,
brass.horagai,,,,2,treble,treble,C4,,,,,
brass.kuhlohorn,,,,2,treble,treble,C4,,,,,
brass.mellophone,,,,2,treble,treble,C4,,,,,
brass.natural-horn,,,,2,treble,treble,C4,,,,,
brass.ophicleide,,,,2,treble,treble,C4,,,,,
brass.posthorn,,,,2,treble,treble,C4,,,,,
brass.rag-dung,,,,2,treble,treble,C4,,,,,
brass.sackbutt,,,,2,treble,treble,C4,,,,,
brass.sackbutt.alto,,,,2,treble,treble,C4,,,,,
brass.sackbutt.bass,,,,2,treble,treble,C4,,,,,
brass.sackbutt.tenor,,,,2,treble,treble,C4,,,,,
brass.saxhorn,,,,2,treble,treble,C4,,,,,
brass.serpent,,,,2,treble,treble,C4,,,,,
brass.shofar,,,,2,treble,treble,C4,,,,,
brass.sousaphone,,,,2,treble,treble,C4,,,,,
brass.vienna-horn,,,,2,treble,treble,C4,,,,,
brass.vuvuzela,,,,2,treble,treble,C4,,,,,
brass.french-horn,61,,4,2.1,treble,treble,F3,C2-C5,,Horn,,Horn in F
brass.wagner-tuba,,,,2.15,bass,bass,C4,,,,,
brass.trumpet,"57,60",,5,2.2,treble,treble,Bb3,G3-Bb5,,Trumpet,,Trumpet in Bb
brass.trumpet.baroque,,,,2.2,treble,treble,Bb3,,,,,
brass.trumpet.pocket,,,,2.2,treble,treble,Bb3,,,,,
brass.trumpet.slide,,,,2.2,treble,treble,Bb3,,,,,
brass.trumpet.piccolo,,,,2.201,treble,treble,Bb4,,,Piccolo Trumpet,,
brass.trumpet.d,,,,2.21,treble,treble,D4,G3-Bb5,,Trumpet in D,,
brass.trumpet.c,,,,2.22,treble,treble,C4,G3-Bb5,,Trumpet in C,,
brass.trumpet.bflat,,,,2.23,treble,treble,Bb3,G3-Bb5,,Trumpet in Bb,,
brass.cornet,,,,2.24,treble,treble,Bb3,,,Cornet,,
brass.cornet.soprano,,,,2.24,treble,treble,Eb4,,,Soprano Cornet,,
brass.cornett,,,,2.24,treble,treble,C4,,,,,
brass.cornett.tenor,,,,2.24,treble,treble,C4,,,,,
brass.cornettino,,,,2.24,treble,treble,C4,,,,,
brass.flugelhorn,,,,2.24,treble,treble,Bb3,,,Flugelhorn,,
brass.trumpet.tenor,,,,2.28,treble,treble,Bb3,,,Tenor Trumpet,,
brass.trumpet.bass,,,,2.29,treble,treble,Eb3,,,Bass Trumpet,,
brass.trombone,58,,6,2.3,"ten,bass",bass,C4,E2-C5,,Trombone,,
brass.trombone.alto,,,,2.31,"alto,ten,bass",alto,C4,,,Alto Trombone,,
brass.trombone.tenor,,,,2.32,"ten,bass",bass,C4,E2-C5,,Trombone,,
brass.trombone.bass,,,,2.34,"ten,bass",bass,C4,E1-G4,,Bass Trombone,,
brass.trombone.contrabass,,,,2.35,"ten,bass",bass,C4,,,Contrabass Trombone,,
brass.euphonium,,,,2.401,treble,treble,C4,,,,,
brass.tuba,59,,7,2.41,bass,bass,C4,C2-A4,,Tuba,,
brass.tuba.bass,,,,2.41,bass,bass,C4,C2-A4,,Tuba,,
brass.tuba.subcontrabass,,,,2.42,bass,bass,C4,,,Subcontrabass Tuba,,
drum.timpani,48,,8,3,bass,bass,C4,C2-C4,,Timpani,,
drum.apentemma,,,,4,perc,perc,C4,,,,,
drum.ashiko,,,,4,perc,perc,C4,,,,,
drum.atabaque,,,,4,perc,perc,C4,,,,,
drum.atoke,,,,4,perc,perc,C4,,,,,
drum.atsimevu,,,,4,perc,perc,C4,,,,,
drum.axatse,,,,4,perc,perc,C4,,,,,
drum.bass-drum,,"35,36",,4,perc,perc,C4,,,,,
drum.bata,,,,4,perc,perc,C4,,,,,
drum.bata.itotele,,,,4,perc,perc,C4,,,,,
drum.bata.iya,,,,4,perc,perc,C4,,,,,
drum.bata.okonkolo,,,,4,perc,perc,C4,,,,,
drum.bendir,,,,4,perc,perc,C4,,,,,
drum.bodhran,,,,4,perc,perc,C4,,,,,
drum.bombo,,,,4,perc,perc,C4,,,,,
drum.bongo,,"60,61",,4,perc,perc,C4,,,,,
drum.bougarabou,,,,4,perc,perc,C4,,,,,
drum.buffalo-drum,,,,4,perc,perc,C4,,,,,
drum.cajon,,,,4,perc,perc,C4,,,,,
drum.chenda,,,,4,perc,perc,C4,,,,,
drum.chu-daiko,,,,4,perc,perc,C4,,,,,
drum.conga,,"62,63,64",,4,perc,perc,C4,,,,,
drum.cuica,,"78,79",,4,perc,perc,C4,,,,,
drum.dabakan,,,,4,perc,perc,C4,,,,,
drum.daff,,,,4,perc,perc,C4,,,,,
drum.dafli,,,,4,perc,perc,C4,,,,,
drum.daibyosi,,,,4,perc,perc,C4,,,,,
drum.damroo,,,,4,perc,perc,C4,,,,,
drum.darabuka,,,,4,perc,perc,C4,,,,,
drum.def,,,,4,perc,perc,C4,,,,,
drum.dhol,,,,4,perc,perc,C4,,,,,
drum.dholak,,,,4,perc,perc,C4,,,,,
drum.djembe,,,,4,perc,perc,C4,,,,,
drum.doira,,,,4,perc,perc,C4,,,,,
drum.dondo,,,,4,perc,perc,C4,,,,,
drum.doun-doun-ba,,,,4,perc,perc,C4,,,,,
drum.duff,,,,4,perc,perc,C4,,,,,
drum.dumbek,,,,4,perc,perc,C4,,,,,
drum.fontomfrom,,,,4,perc,perc,C4,,,,,
drum.frame-drum,,,,4,perc,perc,C4,,,,,
drum.frame-drum.arabian,,,,4,perc,perc,C4,,,,,
drum.geduk,,,,4,perc,perc,C4,,,,,
drum.ghatam,,,,4,perc,perc,C4,,,,,
drum.gome,,,,4,perc,perc,C4,,,,,
drum.group,,,,4,perc,perc,C4,,,,,
drum.group.chinese,,,,4,perc,perc,C4,,,,,
drum.group.ewe,,,,4,perc,perc,C4,,,,,
drum.group.indian,,,,4,perc,perc,C4,,,,,
drum.group.set,,,,4,perc,perc,C4,,,,,
drum.hand-drum,,,,4,perc,perc,C4,,,,,
drum.hira-daiko,,,,4,perc,perc,C4,,,,,
drum.ibo,,,,4,perc,perc,C4,,,,,
drum.igihumurizo,,,,4,perc,perc,C4,,,,,
drum.inyahura,,,,4,perc,perc,C4,,,,,
drum.ishakwe,,,,4,perc,perc,C4,,,,,
drum.jang-gu,,,,4,perc,perc,C4,,,,,
drum.kagan,,,,4,perc,perc,C4,,,,,
drum.kakko,,,,4,perc,perc,C4,,,,,
drum.kanjira,,,,4,perc,perc,C4,,,,,
drum.kendhang,,,,4,perc,perc,C4,,,,,
drum.kendhang.ageng,,,,4,perc,perc,C4,,,,,
drum.kendhang.ciblon,,,,4,perc,perc,C4,,,,,
drum.kenkeni,,,,4,perc,perc,C4,,,,,
drum.khol,,,,4,perc,perc,C4,,,,,
drum.kick-drum,,,,4,perc,perc,C4,,,,,
drum.kidi,,,,4,perc,perc,C4,,,,,
drum.ko-daiko,,,,4,perc,perc,C4,,,,,
drum.kpanlogo,,,,4,perc,perc,C4,,,,,
drum.kudum,,,,4,perc,perc,C4,,,,,
drum.lambeg,,,,4,perc,perc,C4,,,,,
drum.lion-drum,,,,4,perc,perc,C4,,,,,
drum.log-drum,,,,4,perc,perc,C4,,,,,
drum.log-drum.african,,,,4,perc,perc,C4,,,,,
drum.log-drum.native,,,,4,perc,perc,C4,,,,,
drum.log-drum.nigerian,,,,4,perc,perc,C4,,,,,
drum.madal,,,,4,perc,perc,C4,,,,,
drum.maddale,,,,4,perc,perc,C4,,,,,
drum.mridangam,,,,4,perc,perc,C4,,,,,
drum.naal,,,,4,perc,perc,C4,,,,,
drum.nagado-daiko,,,,4,perc,perc,C4,,,,,
drum.nagara,,,,4,perc,perc,C4,,,,,
drum.naqara,,,,4,perc,perc,C4,,,,,
drum.o-daiko,,,,4,perc,perc,C4,,,,,
drum.okawa,,,,4,perc,perc,C4,,,,,
drum.okedo-daiko,,,,4,perc,perc,C4,,,,,
drum.pahu-hula,,,,4,perc,perc,C4,,,,,
drum.pakhawaj,,,,4,perc,perc,C4,,,,,
drum.pandeiro,,,,4,perc,perc,C4,,,,,
drum.pandero,,,,4,perc,perc,C4,,,,,
drum.powwow,,,,4,perc,perc,C4,,,,,
drum.pueblo,,,,4,perc,perc,C4,,,,,
drum.repinique,,,,4,perc,perc,C4,,,,,
drum.riq,,,,4,perc,perc,C4,,,,,
drum.rototom,,,,4,perc,perc,C4,,,,,
drum.sabar,,,,4,perc,perc,C4,,,,,
drum.sakara,,,,4,perc,perc,C4,,,,,
drum.sampho,,,,4,perc,perc,C4,,,,,
drum.sangban,,,,4,perc,perc,C4,,,,,
drum.shime-daiko,,,,4,perc,perc,C4,,,,,
drum.slit-drum,,,,4,perc,perc,C4,,,,,
drum.slit-drum.krin,,,,4,perc,perc,C4,,,,,
drum.snare-drum,,"38,40,37",,4,perc,perc,C4,,,,,
drum.snare-drum.electric,,,,4,perc,perc,C4,,,,,
drum.sogo,,,,4,perc,perc,C4,,,,,
drum.surdo,,,,4,perc,perc,C4,,,,,
drum.tabla,,,,4,perc,perc,C4,,,,,
drum.tabla.bayan,,,,4,perc,perc,C4,,,,,
drum.tabla.dayan,,,,4,perc,perc,C4,,,,,
drum.taiko,117,,,4,perc,perc,C4,,,,,
drum.talking,,,,4,perc,perc,C4,,,,,
drum.tama,,,,4,perc,perc,C4,,,,,
drum.tamborita,,,,4,perc,perc,C4,,,,,
drum.tambourine,,54,,4,perc,perc,C4,,,,,
drum.tamte,,,,4,perc,perc,C4,,,,,
drum.tan-tan,,,,4,perc,perc,C4,,,,,
drum.tangku,,,,4,perc,perc,C4,,,,,
drum.taphon,,,,4,perc,perc,C4,,,,,
drum.tar,,,,4,perc,perc,C4,,,,,
drum.tasha,,,,4,perc,perc,C4,,,,,
drum.tenor-drum,,,,4,perc,perc,C4,,,,,
drum.teponaxtli,,,,4,perc,perc,C4,,,,,
drum.thavil,,,,4,perc,perc,C4,,,,,
drum.the-box,,,,4,perc,perc,C4,,,,,
drum.timbale,,"65,66",,4,perc,perc,C4,,,,,
drum.tinaja,,,,4,perc,perc,C4,,,,,
drum.toere,,,,4,perc,perc,C4,,,,,
drum.tom-tom,118,"41,43,45,47,48,50",,4,perc,perc,C4,,,,,
drum.tom-tom.synth,119,,,4,perc,perc,C4,,,,,
drum.tombak,,,,4,perc,perc,C4,,,,,
drum.tsuzumi,,,,4,perc,perc,C4,,,,,
drum.tumbak,,,,4,perc,perc,C4,,,,,
drum.uchiwa-daiko,,,,4,perc,perc,C4,,,,,
drum.udaku,,,,4,perc,perc,C4,,,,,
drum.udu,,,,4,perc,perc,C4,,,,,
drum.zarb,,,,4,perc,perc,C4,,,,,
effect.aeolian-harp,,,,4,perc,perc,C4,,,,,
effect.air-horn,,,,4,perc,perc,C4,,,,,
effect.applause,127,,,4,perc,perc,C4,,,,,
effect.bass-string-slap,,,,4,perc,perc,C4,,,,,
effect.bird,,,,4,perc,perc,C4,,,,,
effect.bird.nightingale,,,,4,perc,perc,C4,,,,,
effect.bird.tweet,124,,,4,perc,perc,C4,,,,,
effect.breath,122,,,4,perc,perc,C4,,,,,
effect.bubble,,,,4,perc,perc,C4,,,,,
effect.bullroarer,,,,4,perc,perc,C4,,,,,
effect.burst,,,,4,perc,perc,C4,,,,,
effect.car,,,,4,perc,perc,C4,,,,,
effect.car.crash,,,,4,perc,perc,C4,,,,,
effect.car.engine,,,,4,perc,perc,C4,,,,,
effect.car.pass,,,,4,perc,perc,C4,,,,,
effect.car.stop,,,,4,perc,perc,C4,,,,,
effect.crickets,,,,4,perc,perc,C4,,,,,
effect.dog,,,,4,perc,perc,C4,,,,,
effect.door.creak,,,,4,perc,perc,C4,,,,,
effect.door.slam,,,,4,perc,perc,C4,,,,,
effect.explosion,,,,4,perc,perc,C4,,,,,
effect.flute-key-click,,,,4,perc,perc,C4,,,,,
effect.footsteps,,,,4,perc,perc,C4,,,,,
effect.frogs,,,,4,perc,perc,C4,,,,,
effect.guitar-cutting,,,,4,perc,perc,C4,,,,,
effect.guitar-fret,121,,,4,perc,perc,C4,,,,,
effect.gunshot,128,,,4,perc,perc,C4,,,,,
effect.hand-clap,,39,,4,perc,perc,C4,,,,,
effect.heartbeat,,,,4,perc,perc,C4,,,,,
effect.helicopter,126,,,4,perc,perc,C4,,,,,
effect.high-q,,,,4,perc,perc,C4,,,,,
effect.horse-gallop,,,,4,perc,perc,C4,,,,,
effect.jet-plane,,,,4,perc,perc,C4,,,,,
effect.laser-gun,,,,4,perc,perc,C4,,,,,
effect.laugh,,,,4,perc,perc,C4,,,,,
effect.lions-roar,,,,4,perc,perc,C4,,,,,
effect.machine-gun,,,,4,perc,perc,C4,,,,,
effect.marching-machine,,,,4,perc,perc,C4,,,,,
effect.metronome-bell,,,,4,perc,perc,C4,,,,,
effect.metronome-click,,,,4,perc,perc,C4,,,,,
effect.pat,,,,4,perc,perc,C4,,,,,
effect.punch,,,,4,perc,perc,C4,,,,,
effect.rain,97,,,4,perc,perc,C4,,,,,
effect.scratch,,,,4,perc,perc,C4,,,,,
effect.scream,"56,98,99,100,101,102,103,104",,,4,perc,perc,C4,,,,,
effect.seashore,123,,,4,perc,perc,C4,,,,,
effect.siren,,,,4,perc,perc,C4,,,,,
effect.slap,,,,4,perc,perc,C4,,,,,
effect.snap,,,,4,perc,perc,C4,,,,,
effect.stamp,,,,4,perc,perc,C4,,,,,
effect.starship,,,,4,perc,perc,C4,,,,,
effect.stream,,,,4,perc,perc,C4,,,,,
effect.telephone-ring,125,,,4,perc,perc,C4,,,,,
effect.thunder,,,,4,perc,perc,C4,,,,,
effect.train,,,,4,perc,perc,C4,,,,,
effect.trash-can,,,,4,perc,perc,C4,,,,,
effect.whip,,,,4,perc,perc,C4,,,,,
effect.whistle,,"71,72",,4,perc,perc,C4,,,,,
effect.whistle.mouth-siren,,,,4,perc,perc,C4,,,,,
effect.whistle.police,,,,4,perc,perc,C4,,,,,
effect.whistle.slide,,,,4,perc,perc,C4,,,,,
effect.whistle.train,,,,4,perc,perc,C4,,,,,
effect.wind,,,,4,perc,perc,C4,,,,,
metal.adodo,,,,4,perc,perc,C4,,,,,
metal.anvil,,,,4,perc,perc,C4,,,,,
metal.babendil,,,,4,perc,perc,C4,,,,,
metal.bells.agogo,,"67,68",,4,perc,perc,C4,,,,,
metal.bells.almglocken,,,,4,perc,perc,C4,,,,,
metal.bells.bell-plate,,,,4,perc,perc,C4,,,,,
metal.bells.bell-tree,,,,4,perc,perc,C4,,,,,
metal.bells.carillon,,,,4,perc,perc,C4,,,,,
metal.bells.chimes,,,,4,perc,perc,C4,,,,,
metal.bells.chimta,,,,4,perc,perc,C4,,,,,
metal.bells.chippli,,,,4,perc,perc,C4,,,,,
metal.bells.church,,,,4,perc,perc,C4,,,,,
metal.bells.cowbell,,56,,4,perc,perc,C4,,,,,
metal.bells.dawuro,,,,4,perc,perc,C4,,,,,
metal.bells.gankokwe,,,,4,perc,perc,C4,,,,,
metal.bells.ghungroo,,,,4,perc,perc,C4,,,,,
metal.bells.hatheli,,,,4,perc,perc,C4,,,,,
metal.bells.jingle-bell,,,,4,perc,perc,C4,,,,,
metal.bells.khartal,,,,4,perc,perc,C4,,,,,
metal.bells.mark-tree,,,,4,perc,perc,C4,,,,,
metal.bells.sistrum,,,,4,perc,perc,C4,,,,,
metal.bells.sleigh-bells,,,,4,perc,perc,C4,,,,,
metal.bells.temple,,,,4,perc,perc,C4,,,,,
metal.bells.tibetan,,,,4,perc,perc,C4,,,,,
metal.bells.tinklebell,113,,,4,perc,perc,C4,,,,,
metal.bells.trychel,,,,4,perc,perc,C4,,,,,
metal.bells.wind-chimes,,,,4,perc,perc,C4,,,,,
metal.bells.zills,,,,4,perc,perc,C4,,,,,
metal.berimbau,,,,4,perc,perc,C4,,,,,
metal.brake-drums,,,,4,perc,perc,C4,,,,,
metal.crotales,,,,4,perc,perc,C6,,,Crotales,,
metal.cymbal.bo,,,,4,perc,perc,C4,,,,,
metal.cymbal.ceng-ceng,,,,4,perc,perc,C4,,,,,
metal.cymbal.chabara,,,,4,perc,perc,C4,,,,,
metal.cymbal.chinese,,,,4,perc,perc,C4,,,,,
metal.cymbal.ching,,,,4,perc,perc,C4,,,,,
metal.cymbal.clash,,,,4,perc,perc,C4,,,,,
metal.cymbal.crash,,"49,57",,4,perc,perc,C4,,,,,
metal.cymbal.finger,,,,4,perc,perc,C4,,,,,
metal.cymbal.hand,,,,4,perc,perc,C4,,,,,
metal.cymbal.kesi,,,,4,perc,perc,C4,,,,,
metal.cymbal.manjeera,,,,4,perc,perc,C4,,,,,
metal.cymbal.reverse,120,,,4,perc,perc,C4,,,,,
metal.cymbal.ride,,"51,59,53",,4,perc,perc,C4,,,,,
metal.cymbal.sizzle,,,,4,perc,perc,C4,,,,,
metal.cymbal.splash,,55,,4,perc,perc,C4,,,,,
metal.cymbal.suspended,,,,4,perc,perc,C4,,,,,
metal.cymbal.tebyoshi,,,,4,perc,perc,C4,,,,,
metal.cymbal.tibetan,,,,4,perc,perc,C4,,,,,
metal.cymbal.tingsha,,,,4,perc,perc,C4,,,,,
metal.flexatone,,,,4,perc,perc,C4,,,,,
metal.gong,,,,4,perc,perc,C4,,,,,
metal.gong.ageng,,,,4,perc,perc,C4,,,,,
metal.gong.agung,,,,4,perc,perc,C4,,,,,
metal.gong.chanchiki,,,,4,perc,perc,C4,,,,,
metal.gong.chinese,,52,,4,perc,perc,C4,,,,,
metal.gong.gandingan,,,,4,perc,perc,C4,,,,,
metal.gong.kempul,,,,4,perc,perc,C4,,,,,
metal.gong.kempyang,,,,4,perc,perc,C4,,,,,
metal.gong.ketuk,,,,4,perc,perc,C4,,,,,
metal.gong.kkwenggwari,,,,4,perc,perc,C4,,,,,
metal.gong.luo,,,,4,perc,perc,C4,,,,,
metal.gong.singing,,,,4,perc,perc,C4,,,,,
metal.gong.thai,,,,4,perc,perc,C4,,,,,
metal.guira,,,,4,perc,perc,C4,,,,,
metal.hang,,,,4,perc,perc,C4,,,,,
metal.hi-hat,,"42,44,46",,4,perc,perc,C4,,,,,
metal.jaw-harp,,,,4,perc,perc,C4,,,,,
metal.kengong,,,,4,perc,perc,C4,,,,,
metal.murchang,,,,4,perc,perc,C4,,,,,
metal.musical-saw,,,,4,perc,perc,C4,,,,,
metal.singing-bowl,,,,4,perc,perc,C4,,,,,
metal.spoons,,,,4,perc,perc,C4,,,,,
metal.steel-drums,115,,,4,perc,perc,C4,,,,,
metal.tamtam,,,,4,perc,perc,C4,,,,,
metal.thundersheet,,,,4,perc,perc,C4,,,,,
metal.triangle,,"80,81",,4,perc,perc,C4,,,,,
metal.washboard,,,,4,perc,perc,C4,,,,,
rattle.afoxe,,,,4,perc,perc,C4,,,,,
rattle.birds,,,,4,perc,perc,C4,,,,,
rattle.cabasa,,69,,4,perc,perc,C4,,,,,
rattle.caxixi,,,,4,perc,perc,C4,,,,,
rattle.cog,,,,4,perc,perc,C4,,,,,
rattle.ganza,,,,4,perc,perc,C4,,,,,
rattle.hosho,,,,4,perc,perc,C4,,,,,
rattle.jawbone,,,,4,perc,perc,C4,,,,,
rattle.kayamba,,,,4,perc,perc,C4,,,,,
rattle.kpoko-kpoko,,,,4,perc,perc,C4,,,,,
rattle.lava-stones,,,,4,perc,perc,C4,,,,,
rattle.maraca,,70,,4,perc,perc,C4,,,,,
rattle.rain-stick,,,,4,perc,perc,C4,,,,,
rattle.ratchet,,,,4,perc,perc,C4,,,,,
rattle.rattle,,,,4,perc,perc,C4,,,,,
rattle.shaker,,,,4,perc,perc,C4,,,,,
rattle.shaker.egg,,,,4,perc,perc,C4,,,,,
rattle.shekere,,,,4,perc,perc,C4,,,,,
rattle.sistre,,,,4,perc,perc,C4,,,,,
rattle.televi,,,,4,perc,perc,C4,,,,,
rattle.vibraslap,,58,,4,perc,perc,C4,,,,,
rattle.wasembe,,,,4,perc,perc,C4,,,,,
wood.agogo-block,114,,,4,perc,perc,C4,,,,,
wood.agung-a-tamlang,,,,4,perc,perc,C4,,,,,
wood.ahoko,,,,4,perc,perc,C4,,,,,
wood.bones,,,,4,perc,perc,C4,,,,,
wood.castanets,,,,4,perc,perc,C4,,,,,
wood.claves,,75,,4,perc,perc,C4,,,,,
wood.drum-sticks,,,,4,perc,perc,C4,,,,,
wood.gourd,,,,4,perc,perc,C4,,,,,
wood.granite-block,,,,4,perc,perc,C4,,,,,
wood.guban,,,,4,perc,perc,C4,,,,,
wood.guiro,,"73,74",,4,perc,perc,C4,,,,,
wood.hyoushigi,,,,4,perc,perc,C4,,,,,
wood.ipu,,,,4,perc,perc,C4,,,,,
wood.jam-block,,,,4,perc,perc,C4,,,,,
wood.kaekeeke,,,,4,perc,perc,C4,,,,,
wood.kagul,,,,4,perc,perc,C4,,,,,
wood.kalaau,,,,4,perc,perc,C4,,,,,
wood.kashiklar,,,,4,perc,perc,C4,,,,,
wood.kubing,,,,4,perc,perc,C4,,,,,
wood.pan-clappers,,,,4,perc,perc,C4,,,,,
wood.sand-block,,,,4,perc,perc,C4,,,,,
wood.slapstick,,,,4,perc,perc,C4,,,,,
wood.stir-drum,,,,4,perc,perc,C4,,,,,
wood.temple-block,,,,4,perc,perc,C4,,,,,
wood.tic-toc-block,,,,4,perc,perc,C4,,,,,
wood.tonetang,,,,4,perc,perc,C4,,,,,
wood.wood-block,116,"76,77",,4,perc,perc,C4,,,,,
pitched-percussion.angklung,,,,4.1,treble,treble,C4,,,,,
pitched-percussion.balafon,,,,4.1,treble,treble,C4,,,,,
pitched-percussion.bell-lyre,,,,4.1,treble,treble,C4,,,,,
pitched-percussion.bells,,,,4.1,treble,treble,C4,,,,,
pitched-percussion.bianqing,,,,4.1,treble,treble,C4,,,,,
pitched-percussion.bianzhong,,,,4.1,treble,treble,C4,,,,,
pitched-percussion.bonang,,,,4.1,treble,treble,C4,,,,,
pitched-percussion.cimbalom,,,,4.1,treble,treble,C4,,,,,
pitched-percussion.crystal-glasses,,,,4.1,treble,treble,C4,,,,,
pitched-percussion.dan-tam-thap-luc,,,,4.1,treble,treble,C4,,,,,
pitched-percussion.fangxiang,,,,4.1,treble,treble,C4,,,,,
pitched-percussion.gandingan-a-kayo,,,,4.1,treble,treble,C4,,,,,
pitched-percussion.gangsa,,,,4.1,treble,treble,C4,,,,,
pitched-percussion.gender,,,,4.1,treble,treble,C4,,,,,
pitched-percussion.giying,,,,4.1,treble,treble,C4,,,,,
pitched-percussion.glass-harmonica,,,,4.1,treble,treble,C4,,,,,
pitched-percussion.glockenspiel,10,,,4.1,treble,treble,C6,,,Glockenspiel,,
pitched-percussion.glockenspiel.alto,,,,4.1,treble,treble,C4,,,,,
pitched-percussion.glockenspiel.soprano,,,,4.1,treble,treble,C4,,,,,
pitched-percussion.gyil,,,,4.1,treble,treble,C4,,,,,
pitched-percussion.hammer-dulcimer,,,,4.1,treble,treble,C4,,,,,
pitched-percussion.handbells,,,,4.1,treble,treble,C4,,,,,
pitched-percussion.kalimba,109,,,4.1,treble,treble,C4,,,,,
pitched-percussion.kantil,,,,4.1,treble,treble,C4,,,,,
pitched-percussion.khim,,,,4.1,treble,treble,C4,,,,,
pitched-percussion.kulintang,,,,4.1,treble,treble,C4,,,,,
pitched-percussion.kulintang-a-kayo,,,,4.1,treble,treble,C4,,,,,
pitched-percussion.kulintang-a-tiniok,,,,4.1,treble,treble,C4,,,,,
pitched-percussion.likembe,,,,4.1,treble,treble,C4,,,,,
pitched-percussion.luntang,,,,4.1,treble,treble,C4,,,,,
pitched-percussion.marimba,13,,,4.1,treble,treble,C4,,,Marimba,,
pitched-percussion.marimba.bass,,,,4.1,treble,treble,C4,,,,,
pitched-percussion.mbira,,,,4.1,treble,treble,C4,,,,,
pitched-percussion.mbira.array,,,,4.1,treble,treble,C4,,,,,
pitched-percussion.metallophone,,,,4.1,treble,treble,C4,,,,,
pitched-percussion.metallophone.alto,,,,4.1,treble,treble,C4,,,,,
pitched-percussion.metallophone.bass,,,,4.1,treble,treble,C4,,,,,
pitched-percussion.metallophone.soprano,,,,4.1,treble,treble,C4,,,,,
pitched-percussion.music-box,11,,,4.1,treble,treble,C4,,,Music Box,,
pitched-percussion.pelog-panerus,,,,4.1,treble,treble,C4,,,,,
pitched-percussion.pemade,,,,4.1,treble,treble,C4,,,,,
pitched-percussion.penyacah,,,,4.1,treble,treble,C4,,,,,
pitched-percussion.ranat.ek,,,,4.1,treble,treble,C4,,,,,
pitched-percussion.ranat.ek-lek,,,,4.1,treble,treble,C4,,,,,
pitched-percussion.ranat.thum,,,,4.1,treble,treble,C4,,,,,
pitched-percussion.ranat.thum-lek,,,,4.1,treble,treble,C4,,,,,
pitched-percussion.reyong,,,,4.1,treble,treble,C4,,,,,
pitched-percussion.sanza,,,,4.1,treble,treble,C4,,,,,
pitched-percussion.saron-barung,,,,4.1,treble,treble,C4,,,,,
pitched-percussion.saron-demong,,,,4.1,treble,treble,C4,,,,,
pitched-percussion.saron-panerus,,,,4.1,treble,treble,C4,,,,,
pitched-percussion.slendro-panerus,,,,4.1,treble,treble,C4,,,,,
pitched-percussion.slentem,,,,4.1,treble,treble,C4,,,,,
pitched-percussion.tsymbaly,,,,4.1,treble,treble,C4,,,,,
pitched-percussion.tubes,,,,4.1,treble,treble,C4,,,,,
pitched-percussion.tubular-bells,15,,,4.1,treble,treble,C4,,,Tubular Bells,,
pitched-percussion.vibraphone,12,,,4.1,treble,treble,C4,F3-F6,,Vibraphone,,
pitched-percussion.xylophone,14,,,4.1,treble,treble,C4,,,Xylophone,,
pitched-percussion.xylophone.alto,,,,4.1,treble,treble,C4,,,,,
pitched-percussion.xylophone.bass,,,,4.1,treble,treble,C4,,,,,
pitched-percussion.xylophone.soprano,,,,4.1,treble,treble,C4,,,,,
pitched-percussion.xylorimba,,,,4.1,treble,treble,C4,,,,,
pitched-percussion.yangqin,,,,4.1,treble,treble,C4,,,,,
keyboard.accordion,22,,,5,"treble,bass","treble,bass",C4,,,Accordion,,
keyboard.bandoneon,24,,,5,"treble,bass","treble,bass",C4,,,Bandoneon,,
keyboard.celesta,9,,,5,"treble,bass","treble,bass",C4,C2-C7,,Celesta,,
keyboard.clavichord,,,,5,"treble,bass","treble,bass",C4,,,,,
keyboard.clavichord.synth,,,,5,"treble,bass","treble,bass",C4,,,,,
keyboard.concertina,,,,5,"treble,bass","treble,bass",C4,,,,,
keyboard.fortepiano,,,,5,"treble,bass","treble,bass",C4,,,,,
keyboard.harmonium,,,,5,"treble,bass","treble,bass",C4,,,,,
keyboard.harpsichord,7,,,5,"treble,bass","treble,bass",C4,,,Harpsichord,,
keyboard.ondes-martenot,,,,5,"treble,bass","treble,bass",C4,,,,,
keyboard.organ,,,,5,"treble,bass","treble,treble,bass",C4,,,,,
keyboard.organ.drawbar,17,,,5,"treble,bass","treble,treble,bass",C4,,,Drawbar Organ,,
keyboard.organ.percussive,"18,19",,,5,"treble,bass","treble,treble,bass",C4,,,Percussive Organ,,
keyboard.organ.pipe,20,,,5,"treble,bass","treble,treble,bass",C4,,,Organ,,
keyboard.organ.reed,21,,,5,"treble,bass","treble,treble,bass",C4,,,Reed Organ,,
keyboard.organ.rotary,,,,5,"treble,bass","treble,treble,bass",C4,,,,,
keyboard.piano,,,,5,"treble,bass","treble,bass",C4,A0-C8,,,,
keyboard.piano.electric,"3,5,6,8",,,5,"treble,bass","treble,bass",C4,A0-C8,,Electric Grand Piano,,
keyboard.piano.grand,"1,2",,0,5,"treble,bass","treble,bass",C4,A0-C8,,Acoustic Grand Piano,,Piano
keyboard.piano.honky-tonk,4,,,5,"treble,bass","treble,bass",C4,A0-C8,,Honky-tonk Piano,,
keyboard.piano.prepared,,,,5,"treble,bass","treble,bass",C4,A0-C8,,,,
keyboard.piano.toy,,,,5,"treble,bass","treble,bass",C4,,,,,
keyboard.piano.upright,,,,5,"treble,bass","treble,bass",C4,A0-C8,,,,
keyboard.virginal,,,,5,"treble,bass","treble,bass",C4,,,,,
synth.effects,,,,5,"treble,bass","treble,bass",C4,,,,,
synth.effects.atmosphere,,,,5,"treble,bass","treble,bass",C4,,,,,
synth.effects.brightness,,,,5,"treble,bass","treble,bass",C4,,,,,
synth.effects.crystal,,,,5,"treble,bass","treble,bass",C4,,,,,
synth.effects.echoes,,,,5,"treble,bass","treble,bass",C4,,,,,
synth.effects.goblins,,,,5,"treble,bass","treble,bass",C4,,,,,
synth.effects.rain,,,,5,"treble,bass","treble,bass",C4,,,,,
synth.effects.sci-fi,,,,5,"treble,bass","treble,bass",C4,,,,,
synth.effects.soundtrack,,,,5,"treble,bass","treble,bass",C4,,,,,
synth.group,86,,,5,"treble,bass","treble,bass",C4,,,,,
synth.group.fifths,87,,,5,"treble,bass","treble,bass",C4,,,,,
synth.group.orchestra,,,,5,"treble,bass","treble,bass",C4,,,,,
synth.pad,,,,5,"treble,bass","treble,bass",C4,,,,,
synth.pad.bowed,"93,89",,,5,"treble,bass","treble,bass",C4,,,,,
synth.pad.choir,92,,,5,"treble,bass","treble,bass",C4,,,,,
synth.pad.halo,95,,,5,"treble,bass","treble,bass",C4,,,,,
synth.pad.metallic,94,,,5,"treble,bass","treble,bass",C4,,,,,
synth.pad.polysynth,91,,,5,"treble,bass","treble,bass",C4,,,,,
synth.pad.sweep,96,,,5,"treble,bass","treble,bass",C4,,,,,
synth.pad.warm,90,,,5,"treble,bass","treble,bass",C4,,,,,
synth.theremin,,,,5,"treble,bass","treble,bass",C4,,,,,
synth.tone.sawtooth,82,,,5,"treble,bass","treble,bass",C4,,,,,
synth.tone.sine,,,,5,"treble,bass","treble,bass",C4,,,,,
synth.tone.square,81,,,5,"treble,bass","treble,bass",C4,,,,,
pluck.harp,47,,11,5.1,"treble,bass","treble,bass",C4,C2-C6,,Harp,,
pluck.archlute,,,,5.2,treble,treble,C4,,,,,
pluck.autoharp,,,,5.2,treble,treble,C4,,,,,
pluck.baglama,,,,5.2,treble,treble,C4,,,,,
pluck.bajo,,,,5.2,treble,treble,C4,,,,,
pluck.balalaika,,,,5.2,treble,treble,C4,,,,,
pluck.balalaika.alto,,,,5.2,treble,treble,C4,,,,,
pluck.balalaika.bass,,,,5.2,treble,treble,C4,,,,,
pluck.balalaika.contrabass,,,,5.2,treble,treble,C4,,,,,
pluck.balalaika.piccolo,,,,5.2,treble,treble,C4,,,,,
pluck.balalaika.prima,,,,5.2,treble,treble,C4,,,,,
pluck.balalaika.secunda,,,,5.2,treble,treble,C4,,,,,
pluck.bandola,,,,5.2,treble,treble,C4,,,,,
pluck.bandura,,,,5.2,treble,treble,C4,,,,,
pluck.bandurria,,,,5.2,treble,treble,C4,,,,,
pluck.banjo,106,,,5.2,treble,treble,C4,,,,,
pluck.banjo.tenor,,,,5.2,treble,treble,C4,,,,,
pluck.banjolele,,,,5.2,treble,treble,C4,,,,,
pluck.barbat,,,,5.2,treble,treble,C4,,,,,
pluck.bass,"37,38",,,5.2,bass,bass,C4,,,Bass,,
pluck.bass.acoustic,33,,,5.2,bass,bass,C4,,,Acoustic Bass,,
pluck.bass.bolon,,,,5.2,bass,bass,C4,,,,,
pluck.bass.electric,"34,35,37,38",,,5.2,bass,bass,C4,,,Electric Bass,,
pluck.bass.fretless,36,,,5.2,bass,bass,C4,,,Fretless Bass,,
pluck.bass.guitarron,,,,5.2,bass,bass,C4,,,,,
pluck.bass.synth,"39,40",,,5.2,bass,bass,C4,,,Synth Bass,,
pluck.bass.synth.lead,88,,,5.2,bass,bass,C4,,,,,
pluck.bass.washtub,,,,5.2,bass,bass,C4,,,,,
pluck.bass.whamola,,,,5.2,bass,bass,C4,,,,,
pluck.begena,,,,5.2,treble,treble,C4,,,,,
pluck.biwa,,,,5.2,treble,treble,C4,,,,,
pluck.bordonua,,,,5.2,treble,treble,C4,,,,,
pluck.bouzouki,,,,5.2,treble,treble,C4,,,,,
pluck.bouzouki.irish,,,,5.2,treble,treble,C4,,,,,
pluck.celtic-harp,,,,5.2,treble,treble,C4,,,,,
pluck.charango,,,,5.2,treble,treble,C4,,,,,
pluck.chitarra-battente,,,,5.2,treble,treble,C4,,,,,
pluck.cithara,,,,5.2,treble,treble,C4,,,,,
pluck.cittern,,,,5.2,treble,treble,C4,,,,,
pluck.cuatro,,,,5.2,treble,treble,C4,,,,,
pluck.dan-bau,,,,5.2,treble,treble,C4,,,,,
pluck.dan-nguyet,,,,5.2,treble,treble,C4,,,,,
pluck.dan-tranh,,,,5.2,treble,treble,C4,,,,,
pluck.dan-ty-ba,,,,5.2,treble,treble,C4,,,,,
pluck.diddley-bow,,,,5.2,treble,treble,C4,,,,,
pluck.domra,,,,5.2,treble,treble,C4,,,,,
pluck.domu,,,,5.2,treble,treble,C4,,,,,
pluck.dulcimer,16,,,5.2,treble,treble,C4,,,Dulcimer,,
pluck.dutar,,,,5.2,treble,treble,C4,,,,,
pluck.duxianqin,,,,5.2,treble,treble,C4,,,,,
pluck.ektara,,,,5.2,treble,treble,C4,,,,,
pluck.geomungo,,,,5.2,treble,treble,C4,,,,,
pluck.gottuvadhyam,,,,5.2,treble,treble,C4,,,,,
pluck.guitar,,,,5.2,treble,treble,C3,,,,,
pluck.guitar.acoustic,25,,,5.2,treble,treble,C3,,,Acoustic Guitar,,
pluck.guitar.electric,"27,28,29,30,31,32",,,5.2,treble,treble,C3,,,Electric Guitar,,
pluck.guitar.nylon-string,,,,5.2,treble,treble,C3,,,,,
pluck.guitar.pedal-steel,,,,5.2,treble,treble,C3,,,,,
pluck.guitar.portuguese,,,,5.2,treble,treble,C3,,,,,
pluck.guitar.requinto,,,,5.2,treble,treble,C3,,,,,
pluck.guitar.resonator,,,,5.2,treble,treble,C3,,,,,
pluck.guitar.steel-string,26,,,5.2,treble,treble,C3,,,Steel-String Guitar,,
pluck.guitjo,,,,5.2,treble,treble,C4,,,,,
pluck.guitjo.double-neck,,,,5.2,treble,treble,C4,,,,,
pluck.guqin,,,,5.2,treble,treble,C4,,,,,
pluck.guzheng,,,,5.2,treble,treble,C4,,,,,
pluck.guzheng.choazhou,,,,5.2,treble,treble,C4,,,,,
pluck.harp-guitar,,,,5.2,treble,treble,C4,,,,,
pluck.huapanguera,,,,5.2,treble,treble,C4,,,,,
pluck.jarana-huasteca,,,,5.2,treble,treble,C4,,,,,
pluck.jarana-jarocha,,,,5.2,treble,treble,C4,,,,,
pluck.jarana-jarocha.mosquito,,,,5.2,treble,treble,C4,,,,,
pluck.jarana-jarocha.primera,,,,5.2,treble,treble,C4,,,,,
pluck.jarana-jarocha.segunda,,,,5.2,treble,treble,C4,,,,,
pluck.jarana-jarocha.tercera,,,,5.2,treble,treble,C4,,,,,
pluck.kabosy,,,,5.2,treble,treble,C4,,,,,
pluck.kantele,,,,5.2,treble,treble,C4,,,,,
pluck.kanun,,,,5.2,treble,treble,C4,,,,,
pluck.kayagum,,,,5.2,treble,treble,C4,,,,,
pluck.kobza,,,,5.2,treble,treble,C4,,,,,
pluck.komuz,,,,5.2,treble,treble,C4,,,,,
pluck.kora,,,,5.2,treble,treble,C4,,,,,
pluck.koto,108,,,5.2,treble,treble,C4,,,,,
pluck.kutiyapi,,,,5.2,treble,treble,C4,,,,,
pluck.langeleik,,,,5.2,treble,treble,C4,,,,,
pluck.laud,,,,5.2,treble,treble,C4,,,,,
pluck.lute,,,,5.2,treble,treble,C4,,,,,
pluck.lyre,,,,5.2,treble,treble,C4,,,,,
pluck.mandobass,,,,5.2,treble,treble,C4,,,,,
pluck.mandocello,,,,5.2,treble,treble,C4,,,,,
pluck.mandola,,,,5.2,treble,treble,C4,,,,,
pluck.mandolin,,,,5.2,treble,treble,C4,,,,,
pluck.mandolin.octave,,,,5.2,treble,treble,C4,,,,,
pluck.mandora,,,,5.2,treble,treble,C4,,,,,
pluck.mandore,,,,5.2,treble,treble,C4,,,,,
pluck.marovany,,,,5.2,treble,treble,C4,,,,,
pluck.musical-bow,,,,5.2,treble,treble,C4,,,,,
pluck.ngoni,,,,5.2,treble,treble,C4,,,,,
pluck.oud,,,,5.2,treble,treble,C4,,,,,
pluck.pipa,,,,5.2,treble,treble,C4,,,,,
pluck.psaltery,,,,5.2,treble,treble,C4,,,,,
pluck.ruan,,,,5.2,treble,treble,C4,,,,,
pluck.sallaneh,,,,5.2,treble,treble,C4,,,,,
pluck.sanshin,,,,5.2,treble,treble,C4,,,,,
pluck.santoor,,,,5.2,treble,treble,C4,,,,,
pluck.sanxian,,,,5.2,treble,treble,C4,,,,,
pluck.sarod,,,,5.2,treble,treble,C4,,,,,
pluck.saung,,,,5.2,treble,treble,C4,,,,,
pluck.saz,,,,5.2,treble,treble,C4,,,,,
pluck.se,,,,5.2,treble,treble,C4,,,,,
pluck.setar,,,,5.2,treble,treble,C4,,,,,
pluck.shamisen,107,,,5.2,treble,treble,C4,,,,,
pluck.sitar,105,,,5.2,treble,treble,C4,,,,,
pluck.synth,,,,5.2,treble,treble,C4,,,,,
pluck.synth.charang,85,,,5.2,treble,treble,C4,,,,,
pluck.synth.chiff,84,,,5.2,treble,treble,C4,,,,,
pluck.synth.stick,,,,5.2,treble,treble,C4,,,,,
pluck.tambura,,,,5.2,treble,treble,C4,,,,,
pluck.tambura.bulgarian,,,,5.2,treble,treble,C4,,,,,
pluck.tambura.female,,,,5.2,treble,treble,C4,,,,,
pluck.tambura.male,,,,5.2,treble,treble,C4,,,,,
pluck.tar,,,,5.2,treble,treble,C4,,,,,
pluck.theorbo,,,,5.2,treble,treble,C4,,,,,
pluck.timple,,,,5.2,treble,treble,C4,,,,,
pluck.tiple,,,,5.2,treble,treble,C4,,,,,
pluck.tres,,,,5.2,treble,treble,C4,,,,,
pluck.ukulele,,,,5.2,treble,treble,C4,,,,,
pluck.ukulele.tenor,,,,5.2,treble,treble,C4,,,,,
pluck.valiha,,,,5.2,treble,treble,C4,,,,,
pluck.veena,,,,5.2,treble,treble,C4,,,,,
pluck.veena.mohan,,,,5.2,treble,treble,C4,,,,,
pluck.veena.rudra,,,,5.2,treble,treble,C4,,,,,
pluck.veena.vichitra,,,,5.2,treble,treble,C4,,,,,
pluck.vihuela,,,,5.2,treble,treble,C4,,,,,
pluck.vihuela.mexican,,,,5.2,treble,treble,C4,,,,,
pluck.xalam,,,,5.2,treble,treble,C4,,,,,
pluck.yueqin,,,,5.2,treble,treble,C4,,,,,
pluck.zither,,,,5.2,treble,treble,C4,,,,,
pluck.zither.overtone,,,,5.2,treble,treble,C4,,,,,
voice.aa,53,,,6,treble,treble,C4,,,,,
voice.alto,,,,6,treble,treble,C4,,,,,
voice.aw,,,,6,treble,treble,C4,,,,,
voice.baritone,,,,6,bass,bass,C4,,,,,
voice.bass,,,,6,bass,bass,C4,,,,,
voice.child,,,,6,treble,treble,C4,,,,,
voice.countertenor,,,,6,treble,treble,C4,,,,,
voice.doo,,,,6,treble,treble,C4,,,,,
voice.ee,,,,6,treble,treble,C4,,,,,
voice.female,,,,6,treble,treble,C4,,,,,
voice.kazoo,,,,6,treble,treble,C4,,,,,
voice.male,,,,6,treble,treble,C4,,,,,
voice.mezzo-soprano,,,,6,treble,treble,C4,,,,,
voice.mm,,,,6,treble,treble,C4,,,,,
voice.oo,54,,,6,treble,treble,C4,,,,,
voice.percussion,,,,6,treble,treble,C4,,,,,
voice.percussion.beatbox,,,,6,treble,treble,C4,,,,,
voice.soprano,,,,6,treble,treble,C4,,,,,
voice.synth,55,,,6,treble,treble,C4,,,,,
voice.talk-box,,,,6,treble,treble,C4,,,,,
voice.tenor,,,,6,treble,treble,C4,,,,,
voice.vocals,,,,6,treble,treble,C4,,,,,
strings.ajaeng,,,,7,treble,treble,C4,,,,,
strings.arpeggione,,,,7,treble,treble,C4,,,,,
strings.baryton,,,,7,treble,treble,C4,,,,,
strings.cello.piccolo,,,,7,"treble,tenor,bass",bass,C4,,,,,
strings.crwth,,,,7,treble,treble,C4,,,,,
strings.dan-gao,,,,7,treble,treble,C4,,,,,
strings.dihu,,,,7,treble,treble,C4,,,,,
strings.erhu,,,,7,treble,treble,C4,,,,,
strings.erxian,,,,7,treble,treble,C4,,,,,
strings.esraj,,,,7,treble,treble,C4,,,,,
strings.fiddle,111,,,7,treble,treble,C4,,,,,
strings.fiddle.hardanger,,,,7,treble,treble,C4,,,,,
strings.gadulka,,,,7,treble,treble,C4,,,,,
strings.gaohu,,,,7,treble,treble,C4,,,,,
strings.gehu,,,,7,treble,treble,C4,,,,,
strings.group,"49,50,45,46",,,7,treble,treble,C4,,,,,
strings.group.synth,"51,52",,,7,treble,treble,C4,,,,,
strings.haegeum,,,,7,treble,treble,C4,,,,,
strings.hurdy-gurdy,,,,7,treble,treble,C4,,,,,
strings.igil,,,,7,treble,treble,C4,,,,,
strings.kamancha,,,,7,treble,treble,C4,,,,,
strings.kokyu,,,,7,treble,treble,C4,,,,,
strings.laruan,,,,7,treble,treble,C4,,,,,
strings.leiqin,,,,7,treble,treble,C4,,,,,
strings.lirone,,,,7,treble,treble,C4,,,,,
strings.lyra.byzantine,,,,7,treble,treble,C4,,,,,
strings.lyra.cretan,,,,7,treble,treble,C4,,,,,
strings.morin-khuur,,,,7,treble,treble,C4,,,,,
strings.nyckelharpa,,,,7,treble,treble,C4,,,,,
strings.octobass,,,,7,treble,treble,C4,,,,,
strings.rebab,,,,7,treble,treble,C4,,,,,
strings.rebec,,,,7,treble,treble,C4,,,,,
strings.sarangi,,,,7,treble,treble,C4,,,,,
strings.stroh-violin,,,,7,treble,treble,C4,,,,,
strings.tromba-marina,,,,7,treble,treble,C4,,,,,
strings.vielle,,,,7,treble,treble,C4,,,,,
strings.viol,,,,7,treble,treble,C4,,,,,
strings.viol.alto,,,,7,treble,treble,C4,,,,,
strings.viol.bass,,,,7,treble,treble,C4,,,,,
strings.viol.tenor,,,,7,treble,treble,C4,,,,,
strings.viol.treble,,,,7,treble,treble,C4,,,,,
strings.viol.violone,,,,7,treble,treble,C4,,,,,
strings.viola-damore,,,,7,treble,treble,C4,,,,,
strings.violono.piccolo,,,,7,treble,treble,C4,,,,,
strings.violotta,,,,7,treble,treble,C4,,,,,
strings.yayli-tanbur,,,,7,treble,treble,C4,,,,,
strings.yazheng,,,,7,treble,treble,C4,,,,,
strings.zhonghu,,,,7,treble,treble,C4,,,,,
strings.violin,41,,12,7.1,treble,treble,C4,G3-B6,G3-B6,Violin,,
strings.viola,42,,13,7.2,"treble,alto",alto,C4,C3-C6,C3-C6,Viola,,
strings.cello,43,,14,7.3,"treble,tenor,bass",bass,C4,C2-A5,C2-A5,Cello,,Violoncello
strings.contrabass,44,,15,7.4,"treble,bass",bass,C3,E1-C5,E1-C5,Contrabass,,